{
  "cam0": {
    "edge_pair": {
      "uses": 765,
      "accuracy_pct": 84.1,
      "drop_rate": null,
      "angle_line_vs_pca": {
        "p50": 3.5118977682628336,
        "p90": 28.139553308203077,
        "p95": 51.10491153709034,
        "max": 89.721216923716,
        "count": 765
      },
      "angle_line_vs_flighttip": {
        "p50": 1.7716516977735812,
        "p90": 11.473767314497877,
        "p95": 26.65036419547276,
        "max": 88.8514637494176,
        "count": 740
      },
      "tip_ahead_false_rate": 0.0135
    },
    "skeleton_hough_fallback": {
      "uses": 42,
      "accuracy_pct": 73.8,
      "drop_rate": null,
      "angle_line_vs_pca": {
        "p50": 6.59049689814328,
        "p90": 60.68141444711437,
        "p95": 69.37369879627205,
        "max": 77.86446148330243,
        "count": 42
      },
      "angle_line_vs_flighttip": {
        "p50": 4.237412668821941,
        "p90": 16.346853309667857,
        "p95": 65.11114717971203,
        "max": 83.91984459284797,
        "count": 40
      },
      "tip_ahead_false_rate": 0.05
    },
    "barrel_fitline": {
      "uses": 131,
      "accuracy_pct": 86.3,
      "drop_rate": null,
      "angle_line_vs_pca": {
        "p50": 2.259990522262875,
        "p90": 33.661268050919034,
        "p95": 50.75754207172837,
        "max": 86.81817660122863,
        "count": 131
      },
      "angle_line_vs_flighttip": {
        "p50": 2.088397534753179,
        "p90": 22.830006646083216,
        "p95": 33.49825770339275,
        "max": 64.7316614626521,
        "count": 130
      },
      "tip_ahead_false_rate": 0.0
    },
    "barrel_ransac": {
      "uses": 71,
      "accuracy_pct": 74.6,
      "drop_rate": null,
      "angle_line_vs_pca": {
        "p50": 8.252056896958699,
        "p90": 30.71361887659342,
        "p95": 59.47387842864151,
        "max": 89.06120124274804,
        "count": 71
      },
      "angle_line_vs_flighttip": {
        "p50": 7.738657679611756,
        "p90": 20.10947407385031,
        "p95": 62.69877640657954,
        "max": 80.58677774608576,
        "count": 68
      },
      "tip_ahead_false_rate": 0.0147
    },
    "null": {
      "uses": 26,
      "accuracy_pct": 30.8,
      "drop_rate": null,
      "angle_line_vs_pca": {
        "p50": null,
        "p90": null,
        "p95": null,
        "max": null,
        "count": 0
      },
      "angle_line_vs_flighttip": {
        "p50": null,
        "p90": null,
        "p95": null,
        "max": null,
        "count": 0
      },
      "tip_ahead_false_rate": null
    },
    "barrel_width_fit": {
      "uses": 24,
      "accuracy_pct": 87.5,
      "drop_rate": null,
      "angle_line_vs_pca": {
        "p50": 12.515757612540748,
        "p90": 62.23474196456159,
        "p95": 64.55730264642386,
        "max": 75.59889123585532,
        "count": 24
      },
      "angle_line_vs_flighttip": {
        "p50": 8.149526835328961,
        "p90": 26.687781898178137,
        "p95": 38.02685820707218,
        "max": 81.89265470641492,
        "count": 23
      },
      "tip_ahead_false_rate": 0.0
    },
    "ridge_centerline": {
      "uses": 7,
      "accuracy_pct": 85.7,
      "drop_rate": null,
      "angle_line_vs_pca": {
        "p50": 20.72237235549282,
        "p90": 68.7609817617976,
        "p95": 68.7609817617976,
        "max": 68.7609817617976,
        "count": 7
      },
      "angle_line_vs_flighttip": {
        "p50": 8.017620728941907,
        "p90": 16.432561650430475,
        "p95": 16.432561650430475,
        "max": 16.432561650430475,
        "count": 7
      },
      "tip_ahead_false_rate": 0.0
    },
    "centroid_constrained": {
      "uses": 7,
      "accuracy_pct": 71.4,
      "drop_rate": null,
      "angle_line_vs_pca": {
        "p50": 10.804743556036593,
        "p90": 34.51437753932641,
        "p95": 34.51437753932641,
        "max": 34.51437753932641,
        "count": 7
      },
      "angle_line_vs_flighttip": {
        "p50": 11.599240255663844,
        "p90": 57.97463705679965,
        "p95": 57.97463705679965,
        "max": 57.97463705679965,
        "count": 7
      },
      "tip_ahead_false_rate": 0.1429
    }
  },
  "cam1": {
    "edge_pair": {
      "uses": 636,
      "accuracy_pct": 88.4,
      "drop_rate": null,
      "angle_line_vs_pca": {
        "p50": 4.130636701710344,
        "p90": 36.9596343659219,
        "p95": 62.82145566574794,
        "max": 89.06977342010923,
        "count": 636
      },
      "angle_line_vs_flighttip": {
        "p50": 2.017260755411025,
        "p90": 53.88163632159968,
        "p95": 74.82639194893116,
        "max": 89.83748943499138,
        "count": 633
      },
      "tip_ahead_false_rate": 0.0979
    },
    "ridge_centerline": {
      "uses": 22,
      "accuracy_pct": 77.3,
      "drop_rate": null,
      "angle_line_vs_pca": {
        "p50": 8.336099274110685,
        "p90": 80.32724879614922,
        "p95": 81.39561642786157,
        "max": 83.84123097358466,
        "count": 22
      },
      "angle_line_vs_flighttip": {
        "p50": 5.12260475518645,
        "p90": 80.31461271264187,
        "p95": 86.85533349451933,
        "max": 89.95630798709381,
        "count": 22
      },
      "tip_ahead_false_rate": 0.0909
    },
    "barrel_ransac": {
      "uses": 83,
      "accuracy_pct": 71.1,
      "drop_rate": null,
      "angle_line_vs_pca": {
        "p50": 7.630587488208617,
        "p90": 71.67853242246936,
        "p95": 81.314850306984,
        "max": 85.36818446226903,
        "count": 83
      },
      "angle_line_vs_flighttip": {
        "p50": 7.476890003485255,
        "p90": 76.5286753609411,
        "p95": 85.16559619821547,
        "max": 89.15685071141849,
        "count": 81
      },
      "tip_ahead_false_rate": 0.1358
    },
    "barrel_width_fit": {
      "uses": 20,
      "accuracy_pct": 60.0,
      "drop_rate": null,
      "angle_line_vs_pca": {
        "p50": 14.920234216437361,
        "p90": 79.81319304518007,
        "p95": 84.0139015904945,
        "max": 84.0139015904945,
        "count": 20
      },
      "angle_line_vs_flighttip": {
        "p50": 11.582544309578537,
        "p90": 78.22575228227444,
        "p95": 79.51706932193323,
        "max": 79.51706932193323,
        "count": 20
      },
      "tip_ahead_false_rate": 0.25
    },
    "skeleton_hough_fallback": {
      "uses": 31,
      "accuracy_pct": 51.6,
      "drop_rate": null,
      "angle_line_vs_pca": {
        "p50": 9.850158435604248,
        "p90": 60.04490026340801,
        "p95": 85.28540732678528,
        "max": 85.84863213962784,
        "count": 31
      },
      "angle_line_vs_flighttip": {
        "p50": 4.866386325626233,
        "p90": 60.08651856962768,
        "p95": 69.93772411442333,
        "max": 79.32108233046765,
        "count": 31
      },
      "tip_ahead_false_rate": 0.2258
    },
    "barrel_fitline": {
      "uses": 236,
      "accuracy_pct": 82.6,
      "drop_rate": null,
      "angle_line_vs_pca": {
        "p50": 3.8188632309540034,
        "p90": 39.801935300700805,
        "p95": 64.71287773275611,
        "max": 88.91952394696763,
        "count": 236
      },
      "angle_line_vs_flighttip": {
        "p50": 3.8065442681947053,
        "p90": 58.69712314811038,
        "p95": 78.5666955092618,
        "max": 87.99774825749847,
        "count": 231
      },
      "tip_ahead_false_rate": 0.0823
    },
    "centroid_constrained": {
      "uses": 30,
      "accuracy_pct": 60.0,
      "drop_rate": null,
      "angle_line_vs_pca": {
        "p50": 21.713399011010704,
        "p90": 71.24650771987554,
        "p95": 74.0608136697347,
        "max": 87.97763469141711,
        "count": 30
      },
      "angle_line_vs_flighttip": {
        "p50": 14.948745011205235,
        "p90": 74.19593656626013,
        "p95": 74.21282200530102,
        "max": 78.72554322210932,
        "count": 30
      },
      "tip_ahead_false_rate": 0.3
    },
    "null": {
      "uses": 15,
      "accuracy_pct": 6.7,